0000ref000.olook@000.monitor1.returnpath.net
0000refzzz.olook@zzz.monitor1.returnpath.net
aaa01yahbr@yahoo.com.br
aaa1@uol.com.br
aaa1asi@comcast.net
aaa1asi@cox.net
aaa1asi@gmail.com
aaa1asi@hotmail.com
aaa1asi@yahoo.com
aaa1everyone@everyonerp.com
aaa1terrabr@terra.com.br
aaa522asi@biz.rr.com
adresmaybar@yahoo.com
al.alleborn@comcast.net
apple@tucowstest.returnpath.net
applerp@comcast.net
axelnortby@hotmail.com
bartender85aybar@yahoo.com
bbb.2@uol.com.br
bbb2bol@bol.com.br
bbb2globo@globo.com
bbb2igb@ig.com.br
beaubillinslea3@yahoo.com
black_barry@cox.net
carpetman_miller22@hotmail.com
ccc.3@uol.com.br
ccc03yahbr@yahoo.com.br
ccc3globo@globo.com
ccc3terrabr@terra.com.br
ccknight3@hotmail.com
charles_larryparks12@yahoo.com
charlieshull@yahoo.com
cochran31_meyrink@yahoo.com
cusackliz55@cox.net
daniel_ades@yahoo.com
darlington_chip41@yahoo.com
ddd1gdad@rpgodad.com
ddd1webmailus@webmailrp.net
ddd4@uol.com.br
ddd4bol@bol.com.br
ddd4globo@globo.com
ddd4igd@ig.com.br
deer@tucowstest.returnpath.net
delauter3@yahoo.com
devlin_miltondean3@hotmail.com
dorsey_congressman77@hotmail.com
dreyfus_22randolph@yahoo.com
early@tucowstest.returnpath.net
eee05yahbr@yahoo.com.br
eee2webmailus@webmailrp.net
eee5@uol.com.br
eee5inotes@rpinotes.com
eee5terrabr@terra.com.br
fenton_okomoto12@hotmail.com
fff6bol@bol.com.br
fff6igf@ig.com.br
fff6inotes@rpinotes.com
friedhofer.hugo2@comcast.net
garlic@tucowstest.returnpath.net
ggg07yahbr@yahoo.com.br
ggg7@uol.com.br
gjarrett919@hotmail.com
goodman512stiller@biz.rr.com
gordon.cusack2@cox.net
hans377mohlman@dc.rr.com
happyrp@comcast.net
hathaway_jerry85@yahoo.com
henry.roth2@gmail.com
hhh3webmailus@webmailrp.net
hhh8@uol.com.br
hhh8bol@bol.com.br
hhh8igh@ig.com.br
hhh8inotes@rpinotes.com
iii09yahbr@yahoo.com.br
iii2everyone@everyonerp.com
iii2gdad@rpgodad.com
iii9@uol.com.br
james_leicester33@comcast.net
jjj.10@uol.com.br
jjj10bol@bol.com.br
jjj10igj@ig.com.br
jjj10inotes@rpinotes.com
jjj4webmailus@webmailrp.net
joannewbarron@hotmail.com
joietom.bartel@comcast.net
jollyrp@comcast.net
juggle@tucowstest.returnpath.net
kale@tucowstest.returnpath.net
kendrew8taylor@cox.net
kilmerknight85@yahoo.com
kkk11inotes@rpinotes.com
kkk11yahbr@yahoo.com.br
kkk5webmailus@webmailrp.net
laser_ray_victim32@yahoo.com
laser_specialist85knox@hotmail.com
lazlo_holyfeldd22@yahoo.com
lionel303hutz@nyc.rr.com
louisgcarnagle@yahoo.com
lucy.whitmore3@gmail.com
michellemeyrink90@hotmail.com
mmm13inotes@rpinotes.com
mmm13yahbr@yahoo.com.br
mmm1asi@comcast.net
mmm1asi@cox.net
mmm1asi@gmail.com
mmm1asi@hotmail.com
mmm1asi@yahoo.com
mmm517asi@biz.rr.com
mmm6webmailus@webmailrp.net
mmmanrp@comcast.net
monterosso6_7cafeteria@hotmail.com
moss@tucowstest.returnpath.net
nnn3everyone@everyonerp.com
nnn3gdad@rpgodad.com
oldlady_gould44@yahoo.com
ooo15yahbr@yahoo.com.br
p.galvin42@comcast.net
peter@tucowstest.returnpath.net
peter_likidis720@hotmail.com
ppp16inotes@rpinotes.com
ppp7webmailus@webmailrp.net
publicist48_eisenberg@hotmail.com
qqq17bol@bol.com.br
qqq17igq@ig.com.br
qqq17yahbr@yahoo.com.br
razatos12_porter@hotmail.com
robbins33raymond@cox.net
rpedx1@edx.assurancesys.com
rpedx2@edx.assurancesys.com
rpedx3@edx.assurancesys.com
rpml1@ml.assurancesys.com
rpml2@ml.assurancesys.com
rpml3@ml.assurancesys.com
rrr18inotes@rpinotes.com
rrr8webmailus@webmailrp.net
science_fairstudent99@yahoo.com
seymour374skinner@nyc.rr.com
sherrynugil@hotmail.com
shuttle_peralta12@yahoo.com
spiro_23ulrich@hotmail.com
sss19bol@bol.com.br
sss19yahbr@yahoo.com.br
sss4everyone@everyonerp.com
sss4gdad@rpgodad.com
stillo.ashmore@cox.net
stober_waitress912@hotmail.com
sweigart_gate44@hotmail.com
taylor573veatch@biz.rr.com
tbraun2@dc.rr.com
tensecond.tom5@gmail.com
tsather@pi.assurancesys.com
ttt9webmailus@webmailrp.net
tttaprp@comcast.net
Turnip@tucowstest.returnpath.net
uuu10webmailus@webmailrp.net
uuu21bol@bol.com.br
uuu21igu@ig.com.br
uuu21inotes@rpinotes.com
vince523lafleur@biz.rr.com
violet@tucowstest.returnpath.net
washburntaxidriver@gmail.com
willie.jocko@gmail.com
www5everyone@everyonerp.com
www5gdad@rpgodad.com
xxx23bol@bol.com.br
xxx23igx@ig.com.br
xxx23inotes@rpinotes.com
zsigmond_chew33@hotmail.com
zzz1asi@comcast.net
zzz1asi@cox.net
zzz1asi@gmail.com
zzz1asi@hotmail.com
zzz1asi@yahoo.com
zzz25bol@bol.com.br
zzz25igz@ig.com.br
zzz593asi@biz.rr.com
zzzaprp@comcast.net
zzzzref000.olook@000.monitor1.returnpath.net
zzzzrefzzz.olook@zzz.monitor1.returnpath.net
deliveryw08@aol.com
deliveryw09@aol.com
deliveryw11@aol.com
deliveryw12@aol.com
deliveryw13@aol.com
dwatch015@yahoo.com
dwatch016@yahoo.com
dwatch017@yahoo.com
dwatch018@yahoo.com
dwatch019@yahoo.com
dwatch20@hotmail.com
dwatch21@hotmail.com
dwatch23@hotmail.com
dwatch24@hotmail.com
dwatch26@hotmail.com
dwatch20@gmail.com
dwatch22@gmail.com
dwatch23@gmail.com
dwatch24@gmail.com
dwatch25@gmail.com
cdw4733-123@deliverywatch.com
